{"train/samples":1600000,"train/update_s":0.3828877146216109,"train/lr":1.0000000000000021e-05,"_wandb":{"runtime":10776},"train/episodes":2403.557264751833,"train/loss":0.041620965972542764,"train/l1_loss":0.04290010407567024,"_step":25000,"train/kld_loss":0.0001783105544745922,"train/dataloading_s":0.013805313492193818,"train/steps":25000,"train/epochs":96.14229059007332,"_timestamp":1.7656475431181917e+09,"_runtime":10776.400479692,"train/grad_norm":6.434254620075226}