{"_wandb":{"runtime":20433},"_runtime":20433.261914232,"train/dataloading_s":0.054422796494327484,"_timestamp":1.7657047414390442e+09,"train/episodes":2884.3987080297456,"train/steps":30000,"train/grad_norm":0.10170421849936247,"train/lr":2.5035372609900696e-06,"train/epochs":24.03665590024788,"_step":30000,"train/loss":0.005672459490597248,"train/samples":1920000,"train/update_s":0.4858746816171333}